Filename,True Label,Predicted Label,Prob_water_toilet,Prob_others
others_501.wav,others,water_toilet,0.62612927,0.37387073
others_502.wav,others,water_toilet,0.5362369,0.46376315
others_503.wav,others,water_toilet,0.62918437,0.37081566
others_504.wav,others,water_toilet,0.62613004,0.37386996
others_505.wav,others,water_toilet,0.62611103,0.373889
others_506.wav,others,water_toilet,0.7160296,0.28397045
others_507.wav,others,water_toilet,0.6285844,0.37141562
others_508.wav,others,water_toilet,0.7160267,0.2839733
others_509.wav,others,water_toilet,0.7160255,0.28397462
others_510.wav,others,water_toilet,0.71601814,0.28398186
others_511.wav,others,water_toilet,0.7160292,0.2839708
others_512.wav,others,others,0.44633612,0.5536639
others_513.wav,others,water_toilet,0.7160266,0.28397337
others_514.wav,others,water_toilet,0.7160246,0.28397545
others_515.wav,others,others,0.2665367,0.7334633
others_516.wav,others,others,0.266539,0.733461
others_517.wav,others,others,0.26653776,0.7334623
others_518.wav,others,others,0.26653662,0.73346335
others_519.wav,others,others,0.2665393,0.7334607
others_520.wav,others,others,0.26654768,0.73345226
others_521.wav,others,others,0.35702628,0.6429738
others_522.wav,others,water_toilet,0.5356058,0.46439418
others_523.wav,others,water_toilet,0.71602905,0.28397104
others_524.wav,others,water_toilet,0.71602243,0.28397763
others_525.wav,others,water_toilet,0.7160284,0.28397164
others_526.wav,others,water_toilet,0.71602553,0.2839745
others_527.wav,others,water_toilet,0.71602863,0.28397134
others_528.wav,others,water_toilet,0.7160285,0.28397146
others_529.wav,others,water_toilet,0.71600693,0.2839931
others_530.wav,others,water_toilet,0.7160291,0.28397095
others_531.wav,others,water_toilet,0.6322899,0.36771014
others_532.wav,others,water_toilet,0.7160284,0.2839717
others_533.wav,others,water_toilet,0.71602887,0.28397116
others_534.wav,others,water_toilet,0.6486504,0.3513496
others_535.wav,others,water_toilet,0.7160287,0.28397134
others_536.wav,others,water_toilet,0.7160282,0.2839718
others_537.wav,others,water_toilet,0.71602863,0.2839714
others_538.wav,others,others,0.26665607,0.73334396
others_539.wav,others,others,0.26654348,0.73345655
others_540.wav,others,others,0.26653942,0.7334606
others_541.wav,others,others,0.26654217,0.7334578
others_542.wav,others,others,0.26653615,0.7334639
others_543.wav,others,others,0.26653662,0.7334634
others_544.wav,others,others,0.26653725,0.7334628
others_545.wav,others,others,0.26672438,0.7332756
others_546.wav,others,others,0.26653644,0.7334635
others_547.wav,others,others,0.2665367,0.7334633
others_548.wav,others,others,0.26653874,0.7334612
others_549.wav,others,others,0.26653707,0.7334629
others_550.wav,others,water_toilet,0.71602863,0.2839714
others_551.wav,others,water_toilet,0.7160265,0.28397352
others_552.wav,others,water_toilet,0.7160279,0.2839721
others_553.wav,others,water_toilet,0.7160285,0.28397146
others_554.wav,others,water_toilet,0.71602875,0.28397122
others_555.wav,others,water_toilet,0.5365709,0.46342912
others_556.wav,others,water_toilet,0.6260992,0.37390074
others_557.wav,others,water_toilet,0.5397789,0.4602211
others_558.wav,others,water_toilet,0.6261265,0.3738735
others_559.wav,others,water_toilet,0.71602565,0.28397438
others_560.wav,others,water_toilet,0.62613606,0.3738639
others_561.wav,others,water_toilet,0.7160289,0.28397113
others_562.wav,others,water_toilet,0.71602887,0.2839712
others_563.wav,others,water_toilet,0.7160288,0.2839712
others_564.wav,others,water_toilet,0.7160279,0.28397208
others_565.wav,others,water_toilet,0.62616456,0.3738355
others_566.wav,others,others,0.44632408,0.55367595
others_567.wav,others,others,0.26653782,0.73346215
others_568.wav,others,others,0.26653886,0.73346114
others_569.wav,others,water_toilet,0.5362317,0.4637683
others_570.wav,others,others,0.4463296,0.5536704
others_571.wav,others,others,0.2665505,0.7334495
others_572.wav,others,water_toilet,0.53622264,0.4637773
others_573.wav,others,others,0.44633588,0.55366415
others_574.wav,others,water_toilet,0.5362274,0.4637726
others_575.wav,others,others,0.2665378,0.7334623
others_576.wav,others,others,0.26653782,0.7334622
others_577.wav,others,others,0.26653692,0.7334631
others_578.wav,others,others,0.26656675,0.73343325
others_579.wav,others,others,0.26654026,0.7334598
others_580.wav,others,others,0.26653782,0.73346215
others_581.wav,others,others,0.2665422,0.73345786
others_582.wav,others,others,0.26654255,0.7334575
others_583.wav,others,water_toilet,0.7160289,0.28397113
others_584.wav,others,water_toilet,0.71601546,0.28398457
others_585.wav,others,water_toilet,0.7160253,0.28397477
others_586.wav,others,water_toilet,0.7160285,0.28397152
others_587.wav,others,water_toilet,0.6261326,0.37386736
others_588.wav,others,water_toilet,0.62613547,0.37386453
others_589.wav,others,water_toilet,0.7160192,0.28398082
others_590.wav,others,others,0.44633994,0.5536601
others_591.wav,others,water_toilet,0.6261482,0.37385175
others_592.wav,others,water_toilet,0.62499714,0.37500286
others_593.wav,others,water_toilet,0.536215,0.4637849
others_594.wav,others,water_toilet,0.71602905,0.28397098
others_595.wav,others,water_toilet,0.5362301,0.4637699
others_596.wav,others,others,0.26654053,0.73345953
others_597.wav,others,others,0.2665498,0.73345023
others_598.wav,others,others,0.26653907,0.73346096
others_599.wav,others,others,0.26653695,0.733463
others_600.wav,others,others,0.44630024,0.5536998
water_toilet_501.wav,water_toilet,water_toilet,0.71602273,0.28397724
water_toilet_502.wav,water_toilet,water_toilet,0.716029,0.28397104
water_toilet_503.wav,water_toilet,water_toilet,0.7160277,0.28397232
water_toilet_504.wav,water_toilet,water_toilet,0.7160296,0.28397045
water_toilet_505.wav,water_toilet,water_toilet,0.7160248,0.28397518
water_toilet_506.wav,water_toilet,water_toilet,0.7160294,0.28397068
water_toilet_507.wav,water_toilet,water_toilet,0.716021,0.283979
water_toilet_508.wav,water_toilet,water_toilet,0.71602917,0.28397083
water_toilet_509.wav,water_toilet,water_toilet,0.7160276,0.2839724
water_toilet_510.wav,water_toilet,water_toilet,0.7160255,0.2839746
water_toilet_511.wav,water_toilet,water_toilet,0.7160284,0.28397164
water_toilet_512.wav,water_toilet,water_toilet,0.7160278,0.28397217
water_toilet_513.wav,water_toilet,water_toilet,0.71602947,0.28397056
water_toilet_514.wav,water_toilet,water_toilet,0.71602935,0.28397074
water_toilet_515.wav,water_toilet,water_toilet,0.7160267,0.2839733
water_toilet_516.wav,water_toilet,water_toilet,0.71602523,0.2839748
water_toilet_517.wav,water_toilet,water_toilet,0.7160295,0.2839705
water_toilet_518.wav,water_toilet,water_toilet,0.71602935,0.28397068
water_toilet_519.wav,water_toilet,water_toilet,0.71602786,0.2839722
water_toilet_520.wav,water_toilet,water_toilet,0.71602935,0.28397068
water_toilet_521.wav,water_toilet,water_toilet,0.7160272,0.28397286
water_toilet_522.wav,water_toilet,water_toilet,0.71601737,0.2839826
water_toilet_523.wav,water_toilet,water_toilet,0.71601546,0.28398463
water_toilet_524.wav,water_toilet,water_toilet,0.7160198,0.28398022
water_toilet_525.wav,water_toilet,water_toilet,0.71602607,0.2839739
water_toilet_526.wav,water_toilet,water_toilet,0.7160031,0.2839969
water_toilet_527.wav,water_toilet,water_toilet,0.7160287,0.2839714
water_toilet_528.wav,water_toilet,water_toilet,0.71602863,0.28397143
water_toilet_529.wav,water_toilet,water_toilet,0.7160272,0.28397283
water_toilet_530.wav,water_toilet,water_toilet,0.71602756,0.28397247
water_toilet_531.wav,water_toilet,water_toilet,0.71602786,0.28397223
water_toilet_532.wav,water_toilet,water_toilet,0.7160272,0.28397283
water_toilet_533.wav,water_toilet,water_toilet,0.71602726,0.2839728
water_toilet_534.wav,water_toilet,water_toilet,0.71602803,0.28397194
water_toilet_535.wav,water_toilet,water_toilet,0.71598333,0.28401673
water_toilet_536.wav,water_toilet,water_toilet,0.7160265,0.2839735
water_toilet_537.wav,water_toilet,water_toilet,0.71602786,0.28397217
water_toilet_538.wav,water_toilet,water_toilet,0.7160087,0.28399134
water_toilet_539.wav,water_toilet,water_toilet,0.7160291,0.28397095
water_toilet_540.wav,water_toilet,water_toilet,0.7160289,0.28397107
water_toilet_541.wav,water_toilet,water_toilet,0.71602446,0.2839755
water_toilet_542.wav,water_toilet,water_toilet,0.71602803,0.28397197
water_toilet_543.wav,water_toilet,water_toilet,0.71602076,0.28397924
water_toilet_544.wav,water_toilet,water_toilet,0.6261515,0.3738485
water_toilet_545.wav,water_toilet,water_toilet,0.7160265,0.28397357
water_toilet_546.wav,water_toilet,water_toilet,0.71602887,0.28397113
water_toilet_547.wav,water_toilet,water_toilet,0.71602666,0.28397337
water_toilet_548.wav,water_toilet,water_toilet,0.71602887,0.28397116
water_toilet_549.wav,water_toilet,water_toilet,0.71602947,0.2839706
water_toilet_550.wav,water_toilet,water_toilet,0.71602744,0.2839726
water_toilet_551.wav,water_toilet,water_toilet,0.71593726,0.28406283
water_toilet_552.wav,water_toilet,water_toilet,0.7160098,0.2839902
water_toilet_553.wav,water_toilet,water_toilet,0.7160205,0.28397945
water_toilet_554.wav,water_toilet,water_toilet,0.7160272,0.28397283
water_toilet_555.wav,water_toilet,water_toilet,0.7160287,0.2839713
water_toilet_556.wav,water_toilet,water_toilet,0.7160241,0.28397593
water_toilet_557.wav,water_toilet,water_toilet,0.71602327,0.28397676
water_toilet_558.wav,water_toilet,water_toilet,0.71602696,0.28397304
water_toilet_559.wav,water_toilet,water_toilet,0.7160281,0.28397188
water_toilet_560.wav,water_toilet,water_toilet,0.71602887,0.28397113
water_toilet_561.wav,water_toilet,water_toilet,0.71602845,0.2839716
water_toilet_562.wav,water_toilet,water_toilet,0.71602386,0.28397617
water_toilet_563.wav,water_toilet,water_toilet,0.7160043,0.28399572
water_toilet_564.wav,water_toilet,water_toilet,0.71602386,0.2839762
water_toilet_565.wav,water_toilet,water_toilet,0.7160295,0.2839705
water_toilet_566.wav,water_toilet,water_toilet,0.71602863,0.2839714
water_toilet_567.wav,water_toilet,water_toilet,0.7160179,0.2839821
water_toilet_568.wav,water_toilet,water_toilet,0.7160287,0.2839713
water_toilet_569.wav,water_toilet,water_toilet,0.71602726,0.28397283
water_toilet_570.wav,water_toilet,water_toilet,0.716029,0.28397104
water_toilet_571.wav,water_toilet,water_toilet,0.7160217,0.28397834
water_toilet_572.wav,water_toilet,water_toilet,0.7160288,0.28397122
water_toilet_573.wav,water_toilet,water_toilet,0.71602863,0.2839714
water_toilet_574.wav,water_toilet,water_toilet,0.71602774,0.28397223
water_toilet_575.wav,water_toilet,water_toilet,0.7160284,0.28397158
water_toilet_576.wav,water_toilet,water_toilet,0.7160282,0.2839718
water_toilet_577.wav,water_toilet,water_toilet,0.7160179,0.28398213
water_toilet_578.wav,water_toilet,water_toilet,0.7160292,0.28397083
water_toilet_579.wav,water_toilet,water_toilet,0.7160285,0.28397152
water_toilet_580.wav,water_toilet,water_toilet,0.7160289,0.28397113
water_toilet_581.wav,water_toilet,water_toilet,0.7160276,0.28397238
water_toilet_582.wav,water_toilet,water_toilet,0.71602845,0.28397152
water_toilet_583.wav,water_toilet,water_toilet,0.7160223,0.28397766
water_toilet_584.wav,water_toilet,water_toilet,0.7160286,0.28397146
water_toilet_585.wav,water_toilet,water_toilet,0.71602434,0.28397566
water_toilet_586.wav,water_toilet,water_toilet,0.7160289,0.28397107
water_toilet_587.wav,water_toilet,water_toilet,0.7160278,0.28397223
water_toilet_588.wav,water_toilet,water_toilet,0.7160283,0.2839717
water_toilet_589.wav,water_toilet,water_toilet,0.71602726,0.28397274
water_toilet_590.wav,water_toilet,water_toilet,0.71602833,0.28397164
water_toilet_591.wav,water_toilet,water_toilet,0.7160239,0.28397605
water_toilet_592.wav,water_toilet,water_toilet,0.71602905,0.28397098
water_toilet_593.wav,water_toilet,water_toilet,0.71602714,0.28397292
water_toilet_594.wav,water_toilet,water_toilet,0.7159608,0.2840392
water_toilet_595.wav,water_toilet,water_toilet,0.71599966,0.28400037
water_toilet_596.wav,water_toilet,water_toilet,0.7159713,0.28402874
water_toilet_597.wav,water_toilet,water_toilet,0.7159082,0.28409174
water_toilet_598.wav,water_toilet,water_toilet,0.71598864,0.28401133
water_toilet_599.wav,water_toilet,water_toilet,0.7160241,0.2839759
water_toilet_600.wav,water_toilet,water_toilet,0.71602786,0.2839722
